NAME	CHROM	MINIBD	MAXIBD	BPCENTER	CMCENTER	BPLEFTCENTER	BPRIGHTCENTER
hit1	2	74242	344937	134840000	141.78652285334616	132520000	139900000
hit2	6	75019	273411	30800000	49.3463877703792	24120000	36120000
hit3	15	75062	125533	31180000	15.424508242639195	30340000	32160000
hit4	12	74912	103272	113080000	120.54140720665085	110900000	113640000
hit5	6	73794	81288	105980000	107.10885184282672	103760000	108460000
hit6	1	74185	80893	206620000	205.0466095160712	205500000	207000000
hit7	5	74175	78024	33960000	53.33865964313232	31000000	35980000
