NAME	CHROM	MINIBD	MAXIBD	BPCENTER	CMCENTER	BPLEFTCENTER	BPRIGHTCENTER
hit1	2	533	1623	134380000	141.14207864498073	132620000	139040000
hit2	6	515	1386	28260000	48.8226584022968	24360000	35540000
hit3	15	528	728	31160000	15.255946862375874	30440000	32140000
hit4	12	551	609	113080000	120.54140720665085	108940000	115520000
hit5	20	508	557	17920000	41.531098597673335	15500000	20220000
