NAME	CHROM	MINIBD	MAXIBD	BPCENTER	CMCENTER	BPLEFTCENTER	BPRIGHTCENTER
hit1	2	644	1866	134600000	141.6404166074168	132460000	139040000
hit2	6	642	1597	32900000	50.37123848466869	24180000	36320000
hit3	15	646	999	31160000	15.255946862375874	30440000	32140000
hit4	12	647	950	113120000	120.7139201787236	111300000	113960000
hit5	4	643	838	38640000	56.07497310039229	37900000	40460000
hit6	17	641	710	37740000	62.33839155395904	34940000	39900000
