NAME	CHROM	MINIBD	MAXIBD	BPCENTER	CMCENTER	BPLEFTCENTER	BPRIGHTCENTER
hit1	2	23819	98601	134840000	141.78652285334616	132520000	140080000
hit2	6	23476	81125	30800000	49.3463877703792	24060000	36100000
hit3	15	24967	37663	31180000	15.424508242639195	30440000	32140000
hit4	12	23593	34401	112980000	120.38751195780569	110880000	113660000
hit5	6	23512	28639	105940000	106.99361166349696	105520000	106780000
hit6	1	23874	26415	206620000	205.0466095160712	205500000	207100000
hit7	15	24243	26159	28100000	10.191060993403072	25940000	30860000
hit8	5	23474	25583	33600000	52.57585632319258	30960000	35980000
